state,x,y
Alabama,139,-77
Alaska,-204,-170
Arizona,-202,-52
Arkansas,57,-51
California,-297,13
Colorado,-112,20
Connecticut,297,96
Delaware,275,42
Florida,220,-145
Georgia,182,-75
Hawaii,-180,-180
Idaho,-216,122
Illinois,95,12
Indiana,133,18
Iowa,38,65
Kansas,-25,9
Kentucky,149,-10
Louisiana,51,-112
Maine,319,164
Maryland,263,48
Massachusetts,312,112
Michigan,148,101
Minnesota,23,132
Mississippi,92,-85
Missouri,49,11
Montana,-141,150
Nebraska,-43,53
Nevada,-257,56
New Hampshire,308,127
New Jersey,282,65
New Mexico,-127,-52
New York,268,115
North Carolina,239,15
North Dakota,-44,158
Ohio,176,52
Oklahoma,-19,-31
Oregon,-278,138
Pennsylvania,238,72
Rhode Island,318,102
South Carolina,217,-30
South Dakota,-44,109
Tennessee,131,-24
Texas,-38,-106
Utah,-189,34
Vermont,293,138
Virginia,234,27
Washington,-257,193
West Virginia,207,37
Wisconsin,83,113
Wyoming,-134,90